Title,Article,Tags,Personas,Summary,Meeting_Plan,Meeting
Mechanisierung,"Unter Mechanisierung versteht man in der Industrie die Unterstützung der menschlichen Arbeitskraft durch den Einsatz von Maschinen und technischen Produktionsanlagen über den einfachen Werkzeuggebrauch hinaus.


Allgemeines
Der zugehörige Arbeitsgang oder Produktionsprozess wird nach wie vor ganzheitlich vom Menschen geleistet. Bei der Automatisierung wird dagegen der Prozess vollständig von der Technik übernommen (einschließlich der Prozesssteuerung), und der Mensch hat nur noch überwachende Aufgaben.
Die Mechanisierung wird als Zwischenstufe zur Maschinisierung betrachtet, bei der neben der Arbeitsbewegung auch das Werkzeug von der Maschine geführt wird. Im übertragenen Sinne wird mit dem Begriff die Einführung von technischen Hilfsmitteln und Maschinen in ganzen Produktionsbereichen und Branchen beschrieben.


Begriffsverwendung im modernen Ingenieurwesen
Im Gegensatz zur Automatisierung übernimmt der Mensch auch bei mechanisierten Abläufen nach wie vor das Regeln, Steuern und Überwachen der Prozesse. Die Automatisierungstechnik besteht daher neben der Steuerungstechnik und der Regelungstechnik auch aus Messtechnik.
Etwa eine maschinell angetriebene Töpferscheibe wird als Mechanisierung, aber nicht als Maschinisierung betrachtet. Die Werkzeuge werden beim Töpfern nach wie vor vom Menschen geführt. Die Teilautomatisierung wird ebenso in der Literatur erwähnt, bei der Werkstück- und Werkzeugwechsel sowie der Weitertransport der Werkstücke durch die Maschinen geschieht. Die Tätigkeiten der Kontrolle und Überwachung (im Sprachgebrauch der Betriebswirtschaftslehre) bzw. Regeln und Steuern (technischer Sprachgebrauch) verbleiben jedoch beim Menschen. Erst in der Vollautomatisierung werden auch diese Tätigkeiten den Maschinen übertragen. Die Mechanisierung hat auch Auswirkungen auf die verwendeten Fertigungsverfahren, da sich manche Verfahren nicht, schwer oder nur teilweise mechanisieren lassen. Bei anderen Verfahren, insbesondere solchen, die sehr hohe Bearbeitungskräfte oder -geschwindigkeiten erfordern wie beim Reibschweißen, ist die Mechanisierung dagegen eine Voraussetzung, um sie anwenden zu können.


Beispiel Töpferscheibe

Die seit dem Altertum bekannten Töpferscheiben erlauben zunächst eine Trennung von Antrieb (per Fuß) und Formgebung (per Hand). Die zu leistende mechanische Arbeit wird verteilt und erleichtert. Eine Töpferscheibe mit Pedalantrieb reduziert zudem den Koordinationsaufwand gegenüber einem Trittrad. Der Bau einer Töpferscheibe setzt zudem eine Reihe von Maschinenelementen (Schwungrad, Welle, Nabe, Wippe) und deren geeignete konstruktive Verwendung in Verbindung mit unterschiedlichen Werkstoffen voraus. Erst eine weitere Stufe der Mechanisierung setzt eine weitere externe Antriebsform ein, wie dies heute mit (regelbaren) Elektroantrieben geschieht. Die Zulieferung des Rohmaterials, die Erstellung von Halbzeugen wie die Weiterverarbeitung der Grünlinge (Glasur, Brennofen) wie die zugehörigen Transporte kann nun ebenfalls mechanisiert werden.


Beispiel Schweißverfahren


Rolle in der Technikgeschichte
Erste Anfänge der Mechanisierung im heutigen Sinne finden sich bei den spätantiken Schöpfrädern, die zur Bewässerung in Ägypten und im römischen Reich genutzt wurden. Darauf aufbauend, nutzte man Wasserräder, um Arbeit zu verrichten. Aus verschiedenen, teilweise umstrittenen Gründen wurden die  durchaus vorhandenen Ansätze zur Mechanisierung nur langsam weiter verfolgt. Der verbreitete Einsatz von Sklavenarbeit in der Antike wird oft dafür verantwortlich gemacht. Töpferwaren wie die terra sigillata wurden teilweise schon in großen Werkstätten für den überregionalen Bedarf hergestellt, die Landwirtschaft auf Großgütern erheblich verbessert. Es fehlten aber viele, auch geistige Voraussetzungen. Die römischen Ingenieure etwa hatten durchaus profunde Fähigkeiten im Wasserbau, nutzten aber etwa das Prinzip der kommunizierenden Röhren nicht überregional.

Auch die Geschichte der Automaten kann nicht durchgehend auf antike Anfänge zurückgeführt werden. Dort waren Automaten wie angesprochen, zwar schon länger bekannt gewesen, etwa beim Mechanismus von Antikythera. Erst im 18. Jahrhundert kam es zu einer regelrechten Hochzeit der Automaten, die gelegentlich, wie der Schachtürke, bereits eine aufwendige Mechanik hatten, eine vollständige Automatisierung aber nur vortäuschten. Die gemeinsame Anwendung von Steuerung wie Mechanisierung etwa bei mechanischen Spielzeugen, Musikinstrumenten, der Waffenherstellung und bei Webstühlen und Spinnmaschinen setzte eine Kombination der verschiedenen Ansätze und zugehörige Wissensbestände und Fähigkeiten, einen systemischen Ansatz voraus.  Die Technikgeschichte zeigt nun eine ganze Reihe von Brüchen und Ursachen für Weiterentwicklungen wie Stillstand der Mechanisierung auf. Unter anderem das Dresdener Institut für Technikgeschichte beschäftigt sich mit dem Thema, ein Hamburger Pionier war Ulrich Troitzsch. Ein wichtiger neuer Ansatz ist dabei, technisch-organisatorische Neuerungen nicht als Ausgangspunkt, sondern als Produkt sozialer Tätigkeit zu fassen und zu deuten.
Im 18. Jahrhundert findet mit Vaucanson der Übergang vom „Wunderbaren“ zum „Nützlichen“ statt. Die feinmechanische Kunstfertigkeit der teilweise skurrilen Konstruktionen Vaucansons war sehr öffentlichkeitswirksam. Sie und ihre Nachfolger wurden noch im 19. Jahrhundert als Luxusartikel zur Unterhaltung eines (zahlenden) Publikums erstellt und ebenso etwa bei Jean Pauls Maschinenkönig in der Literatur populär gemacht. Die technischen Elemente wie Stifte, Kettenglieder, Zahnradgetriebe und Übersetzungen, der erste biegsame Gummischlauch wie die Kinematik der Gesamtkonstruktion an sich schufen wichtige Grundlagen. Sie nahmen spätere Ansätze und zentrale Problemstellungen zur Mechanisierung wie Automatisierung von Fertigungsprozessen vorweg.


Mittelalter bis zur Renaissance

Im frühen Mittelalter wurden in ganz Europa bereits zahlreiche Wassermühlen gebaut. Diese wurden zum Mahlen von Getreide wie zum Pumpen von Wasser eingesetzt. Göpel, die selbst von Tieren oder Menschen oder mit Wasserkraft angetrieben wurden, betrieben und unterstützten andere Produktionsprozesse und lösten Hebe- und Transportprobleme. Ab dem 11. Jahrhundert kamen Windmühlen dazu. Ab dem Hochmittelalter nutzte man die verschiedenen Mühlen auch, um Schmiedehämmer anzutreiben, man entwickelte Wasserkünste zur Entwässerung von Bergwerken und verwandte Antriebe zum Walken und Stampfen in der Textilherstellung oder um Blasebälge in Schmieden anzutreiben.
Die frühe Forstwirtschaft wie die europaweit über Wasserstraßen vernetzte Flößerei nutzte unter anderem komplexe Infrastrukturen, Wasserschwemmanlagen bzw. die sogenannten Riesen. Genutzt wurden Wasserkraft wie das Eigengewicht der Stämme zum Holzrücken, dem Transport von großen Holzmengen aus schwer zugänglichem Gelände. Im Steinbruchbereich war gelegentlich die Lizzatura, der Steintransport auf Rutsch- und Gleitbahnen verbreitet.
Diese frühen Ansätze wurden später weiter mechanisiert und bis in die Gegenwart mit Seilanlagen oder Rückefahrzeugen ersetzt.


Planung von Mechanisierung

Eine wesentliche Voraussetzung für die Verbreitung technischen Wissens war der Buchdruck. Dieser hatte im 15. Jahrhundert selbst auf einfache mechanisierte Verfahren wie die Weinpresse zurückgegriffen.
Trotz des Interesses der Mühlenbauer an einer gleichförmigen Kraftübertragung blieb die Konstruktion von Zahnrädern bis ins 16. Jahrhundert vergleichsweise primitiv. Es bedurfte der Entwicklung von geeigneten Fertigungsverfahren und Werkstoffen die die Umsetzung von geplanten Rollkurven in die Praxis erst ermöglichten. Der Einsatz optischer Hilfsmittel ermöglichte verbesserte technische Zeichnungen, Planung und Modellierung. Die Camera Obscura und die damit verbundenen Perspektive war schon im Hochmittelalter aufgekommen, unter anderem durch arabische Vorbilder wie Alhazen. Die europäische Nutzung für Kunstwerke ging wissenschaftlichen Denken und technischen Anwendungen voraus.
Die Herausbildung eines technischen Denkstils, eines rationalen Entwerfens und Planens war eng mit der europäischen Renaissance verbunden. Die Versetzung des Lateranischen Obelisken 1586 etwa war ein technisches Großereignis der damaligen Zeit. Domenico Fontana plante das Versetzen des 25 Meter hohen und 320 Tonnen schweren Monolithen en detail. Dem Projekt war ein regelrechter Wettbewerb mit verschiedensten Plänen, Entwürfen und Modellen vorausgegangen. Fontana erhielt den Zuschlag und ermittelte im Voraus das zu bewegende Gewicht wie den Aufwand für Personal und Hilfsmittel, Zugtiere, Gerüste und Anzahl und Dimensionen der notwendigen Haspeln und Hebezeuge. Die Beschreibung des Vorhabens, 1590 erschien ein reich bebildertes Buch dazu, hat selbst die Ausbreitung des zugehörigen technischen Wissens gefördert.


Industrialisierung

Um 1764 wurde die Spinning Jenny vom englischen Weber James Hargreaves in England eingeführt. Gegenüber den bisherigen Spinnrädern ermöglichte sie erhebliche Produktionssteigerungen. Die Spinning Jenny konnte sowohl durch menschliche Muskelkraft wie auch vollständig mechanisiert betrieben werden, was ihre schnelle Verbreitung erleichterte. Sie setzte höhere Anforderungen an das Können der Bedienerinnen. Die Einführung der Spinning Jenny kostete Hunderttausende von Arbeitsplätzen, stieß aber auf vergleichsweise wenig Widerstand. Dies lag einerseits an der Rolle der Spinnerei als technologischem Flaschenhals. Sowohl beim Rohmaterial Baumwolle wie bei den nachgeordnetem Verweben war die Produktivität bereits höher. Zum anderen richteten sich Maschinenstürmer, militante wie politische und rechtliche Proteste weniger gegen Maschinen, die – wie die Jenny – vor allem weibliche Arbeitskräfte ersetzten. So wurden mechanische Dreschmaschinen massiv bekämpft. Auch die 1769 erfundenen mechanisierten Waterframes riefen Widerstand der organisierten Handwerker hervor. Sie eigneten sich zur Massenfertigung mit Hilfe von ungelernten Hilfskräften. Die Kombination der Jenny mit der Waterframe in Form der vollmechanisierten Spinning Mule war nun wieder auf hochqualifiziertes Personal angewiesen. Anfang des 19. Jahrhunderts wurde mit dem Selfaktor Richard Roberts eine selbsttätig gesteuerten Spinnmaschine eingeführt, die bei der Wartung und Einrichtung Fachkräfte benötigte.
Großbritannien als Vorreiter der Industrialisierung hatte aus ökonomischen wie religiösen Gründen ab 1808 eine Vorreiterrolle im Kampf gegen die Sklaverei eingenommen. Fortschritte in der Landwirtschaft wie das britische Kolonialreich ermöglichten die Herausbildung einer Oberschicht, die bereits vor der Erfindung der Eisenbahn etwa über Pferdekutschlinien gut und aufwendig vernetzt war. Das englische Bürgertum insgesamt wandte sich zunehmend gegen den übertriebenen oder quälerischen Einsatz von Tieren. Mit weiteren Ansätzen zur Mechanisierung beschäftigte man sich zunächst als Hobby horse. Die entsprechenden Unternehmungen wie die Model Farms, frühe private landwirtschaftliche Versuchsgüter, ermöglichten aber weitere Fortschritte in der Mechanisierung der Landwirtschaft wie der landwirtschaftlichen Produktivität insgesamt. Die entsprechenden Infrastrukturen selbst wurde mit dem Ersatz der Pferde durch mechanische Antriebe dann breiteren Schichten zugänglich. Im städtischen Umfeld gaben die ursprünglichen Pferdestraßenbahnen eine schienengeführte Transportinfrastruktur vor, die mit dem Elektromotor und dem Übergang zur Straßenbahn weiter entwickelt wurde.


Übertragene Verwendung

Von Mechanisierung wird im übertragenen Sinne gesprochen, wenn ursprünglich von Handarbeit bestimmte Arbeitsbereiche zunehmend durch technische Hilfsmittel dominiert werden.
Die Mechanisierung im Handwerk und bei der Herstellung von Luxus- und Konsumgütern, Textilien und Schmuck ging zunächst größeren industriellen Anwendungen voraus. Im Biedermeier führte die Vorliebe für glatte Oberflächen zu einer Mechanisierung der Möbelherstellung. In der Industriellen Revolution wurde nun die Dampfmaschine als weiterer Antrieb genutzt. Damit wurden nicht nur vorhandene Arbeitsgänge mechanisiert. Ganze Technologiebereiche, wie die industrielle Stahlerzeugung (vgl. Puddelverfahren) in der Montanindustrie wurden so erst in größerem Maßstab möglich. Die zugehörige Materialbearbeitung wurde mit Werkzeugmaschinen deutlich vereinfacht. Die gesamte Antriebskraft der entsprechenden Maschinen umfasste noch im frühen 19. Jahrhundert in Preußen und Sachsen insgesamt nur wenige Tausend PS an wenigen Stellen.
Später wurden die Dampfmaschinen durch Diesel- und Ottomotoren oder Elektromotoren ergänzt, ersetzt und der Maschinenpark insgesamt erweitert. Eine Mechanisierung von weiteren ursprünglich von Handarbeit bestimmten Arbeitsbereichen, etwa bei mobilen Anwendungen, setzte kleinere und kompakte und selbst (dann unmerklich) gesteuerte Energiequellen und Motoren voraus. Ein Beispiel sind die bereits im frühen 19. Jahrhundert aufkommenden Nähmaschinen. Über die Herstellung einer einzelnen Naht durch einen mechanischen Prozess hinaus wurden die Textilherstellung wie das Schneiderhandwerk, durchgehend verändert und mechanisiert. Mit der komplexeren Pelznähmaschine nach 1872 betraf dies auch die Pelzbearbeitung und Kürschnerei. Die industriell ermöglichte Verbreitung dieser Hilfsmittel machte dann wiederum handwerkliche Kleinbetriebe wie entsprechende Heimarbeit erneut konkurrenzfähig. Ebenso fanden die ursprünglich für Flugzeuge in Kunstflug verwendeten Membranvergaser in der Landmaschinentechnik und bei den damit beweglicheren Kettensägen nach den 1950er Jahren breite Anwendung. Sie ermöglichten dann eine Mechanisierung der Forstwirtschaft.


Mechanisierung des Militärs
Der übertragene Gebrauch spielt ebenso bei der Ausstattung von Soldaten und Truppenteilen mit Kraftfahrzeugen und mechanischen Hilfsmitteln eine Rolle.
Ausdrücke wie mechanisierte Infanterie oder Motschützen drücken eine Ausstattung mit Fahrzeugen aus. Von motorisiert oder mechanisiert wird gesprochen, je nachdem, ob nun der eigentliche Kampf auch abgesessen oder mit dem Fahrzeug geführt wird. Die Unterscheidung war schon bei der früheren Kavallerie üblich, wo etwa mit Kürassieren, Ulanen und Husaren unterschiedliche Einsatzformen von Waffen und Pferden bezeichnet wurden. Die Bezeichnung Dragoner bezeichnete nun Reiter, die vor allem abgesessen kämpften, scherzhaft halb Mensch, halb Vieh, aufs Pferd gesetzte Infanterie.


Mechanisierungsgrad
Als Mechanisierungsgrad werden zeitliche Entwicklungsstufen bezeichnet, die in der Industrie durch technischen Fortschritt zu ständig vergrößerter oder verbesserter Mechanisierung führen. Paul Riebel beschrieb bereits 1963 folgende Mechanisierungsstufen:

Reine Handarbeit (etwa Pflücker);
von Werkzeugen unterstützte Handarbeit („Werkzeugarbeit“; Klempner);
mit Muskelkraft durch Muskelarbeit angetriebene, manuell gesteuerte Maschinen (Blasebalg);
motorisierte, manuell gesteuerte Maschinen oder Werkzeuge (Fräser, Zerspanungsmechaniker);
motorisierte Maschinen mit selbsttätiger Steuerung einzelner Funktionen (Halbautomatik);
motorisierte Maschinen mit selbsttätiger Steuerung aller Funktionen (Vollautomatik);
selbständig gesteuerte, mechanisch integrierte Systeme (etwa Fließband, Transferstraße).
Die Handarbeit bei Vollautomation beschränkt sich auf die Steuerungstechnik. In Industriestaaten haben sich während der Industrialisierung die Anteile zu Gunsten der Automation und Mechanisierung verschoben; in der Dritten Welt ist dagegen der Anteil der Handarbeit und Muskelkraft – insbesondere in der Agrarproduktion – noch sehr hoch.
Der Mechanisierungsgrad ist eine wichtige Kosteneinflussgröße.


Literatur
Henning Ritter (Hrsg.): Sigfried Giedion: Die Herrschaft der Mechanisierung. Ein Beitrag zur anonymen Geschichte. Europäische Verlagsanstalt, Hamburg 1994, ISBN 3-434-50048-0.
Peter Benje: Maschinelle Holzbearbeitung. Ihre Einführung und die Auswirkungen auf Betriebsformen, Produkte und Fertigung im Tischlergewerbe während des 19. Jahrhunderts in Deutschland. Darmstadt 2001.
Peter Benje: Frühe Sägemaschinen, Möbelfabriken und Dampftischlereien in Bremen – die Einführung von Holzbearbeitungsmaschinen in das Tischlergewerbe Bremens im 19. Jahrhundert. Darmstadt 2008.
Jean Gimpel: Die industrielle Revolution des Mittelalters. Zürich / München 1980.
Gisela Buchheim, Rolf Sonnemann (Hrsg.): Geschichte der Technikwissenschaften. Basel, Boston, Berlin 1990.
Wolfgang König (Hrsg.): Propyläen Technikgeschichte. Bd. 3–5, Berlin 1997.
Zeitschrift: Dresdener Beiträge zur Geschichte der Technikwissenschafte.
Paulinyi, Akos, Ulrich Troitzsch: Mechanisierung und Maschinisierung. 1600 bis 1840. Berlin 1991. (Propyläen-Technikgeschichte; 3).


Weblinks
Béatrice Veyrassat: Mechanisierung. In: Historisches Lexikon der Schweiz.


Einzelnachweise","[""Mechanisierung"", ""Industrialisierung"", ""Automatisierung"", ""Technikgeschichte"", ""Ingenieurwesen""]","[{'role': 'Historiker', 'description': 'Ein Experte für Technikgeschichte, der die Entwicklung und Auswirkungen der Mechanisierung analysiert.', 'expertise_area': 'Technikgeschichte', 'perspective': 'Historische Analyse', 'speaking_style': {'tone': 'formal and reserved, serious with occasional humor', 'language_complexity': 'technical language with industry jargon, use of metaphors and analogies', 'communication_style': 'collaborative and inquisitive, prefers active listening', 'sentence_structure': 'long and complex sentences with subordinate clauses, varied sentence structure', 'formality': 'formal', 'other_traits': 'uses pauses effectively, employs rhetorical devices'}, 'personalized_vocabulary': {'filler_words': ['Ähm', 'Also', 'Halt'], 'catchphrases': ['Das ist von historischer Bedeutung.', 'In der Geschichte sehen wir...'], 'speech_patterns': ['varies sentence starters', 'frequent use of rhetorical questions'], 'emotional_expressions': ['Lachen', 'Seufzen']}, 'social_roles': ['Coordinator', 'Evaluator-Critic'], 'social_roles_descr': ['Connects the different ideas and suggestions of the group to ensure that all relevant aspects are integrated.', 'Analyzes and critically evaluates proposals or solutions to ensure their quality and feasibility.']}, {'role': 'Ingenieur', 'description': 'Ein Fachmann im Bereich Ingenieurwesen, der sich mit den technischen Aspekten und Herausforderungen der Mechanisierung befasst.', 'expertise_area': 'Ingenieurwesen', 'perspective': 'Technische Analyse', 'speaking_style': {'tone': 'casual and enthusiastic, optimistic with a touch of humor', 'language_complexity': 'technical language with industry jargon, use of analogies and storytelling', 'communication_style': 'direct and assertive, encourages feedback', 'sentence_structure': 'short and concise sentences, frequent use of exclamations', 'formality': 'semi-formal', 'other_traits': 'uses pauses for emphasis, engages in lively discussions'}, 'personalized_vocabulary': {'filler_words': ['Ähm', 'Na ja', 'Genau'], 'catchphrases': ['Das ist der springende Punkt.', 'Technisch gesehen...'], 'speech_patterns': [""starts sentences with 'Also' or 'Nun'"", 'poses questions to engage others'], 'emotional_expressions': ['Lachen', 'Wow!']}, 'social_roles': ['Information Giver', 'Implementer'], 'social_roles_descr': ['Shares relevant information, data or research that the group needs to make informed decisions.', 'Puts plans and decisions of the group into action and ensures practical implementation.']}, {'role': 'Wirtschaftswissenschaftler', 'description': 'Ein Experte für Wirtschaft, der die ökonomischen Auswirkungen und Vorteile der Mechanisierung untersucht.', 'expertise_area': 'Wirtschaft', 'perspective': 'Ökonomische Analyse', 'speaking_style': {'tone': 'formal and analytical, serious with occasional optimism', 'language_complexity': 'complex language with economic terminology, use of data-driven examples and statistics', 'communication_style': 'collaborative and inquisitive, encourages debate', 'sentence_structure': 'medium-length sentences with clear structure, frequent use of conditional clauses', 'formality': 'formal', 'other_traits': 'uses pauses for reflection, employs logical reasoning'}, 'personalized_vocabulary': {'filler_words': ['Ähm', 'Also', 'Ehrlich gesagt'], 'catchphrases': ['Ökonomisch betrachtet...', 'Das ist eine Investition in die Zukunft.'], 'speech_patterns': [""begins sentences with 'In der Tat' or 'Interessanterweise'"", 'poses hypothetical scenarios'], 'emotional_expressions': ['Lachen', 'Beeindruckend!']}, 'social_roles': ['Opinion Giver', 'Standard Setter'], 'social_roles_descr': ['Shares his or her views and beliefs on topics under discussion.', 'Emphasizes the importance of adhering to certain norms and standards within the group to ensure quality and efficiency.']}, {'role': 'Soziologe', 'description': 'Ein Experte für Sozialwissenschaften, der die sozialen Auswirkungen und Veränderungen durch Mechanisierung untersucht.', 'expertise_area': 'Sozialwissenschaften', 'perspective': 'Soziale Analyse', 'speaking_style': {'tone': 'casual and empathetic, optimistic with a touch of seriousness', 'language_complexity': 'moderate language with sociological terminology, use of storytelling and real-life examples', 'communication_style': 'collaborative and inquisitive, prefers active listening and open dialogue', 'sentence_structure': 'medium-length sentences with clear structure, frequent use of questions and exclamations', 'formality': 'semi-formal', 'other_traits': 'uses pauses for emphasis, engages in reflective discussions'}, 'personalized_vocabulary': {'filler_words': ['Ähm', 'Also', 'Weißt du'], 'catchphrases': ['Soziologisch gesehen...', 'Das zeigt uns...'], 'speech_patterns': [""starts sentences with 'Nun' or 'Interessanterweise'"", 'poses reflective questions to engage others'], 'emotional_expressions': ['Lachen', 'Beeindruckend!']}, 'social_roles': ['Encourager', 'Group Observer'], 'social_roles_descr': ['Provides positive feedback and praise to boost the morale and motivation of group members.', 'Monitors the dynamics of the group and provides feedback on how the group is functioning as a whole and what improvements can be made.']}, {'role': 'Techniker', 'description': 'Ein Fachmann, der praktische Erfahrungen mit der Implementierung und Wartung mechanisierter Systeme hat.', 'expertise_area': 'Technik', 'perspective': 'Praktische Umsetzung', 'speaking_style': {'tone': 'casual and practical, straightforward with occasional humor', 'language_complexity': 'simple language with common terms, use of technical jargon when necessary', 'communication_style': 'direct and assertive, prefers clear instructions', 'sentence_structure': 'short and concise sentences, frequent use of imperative forms', 'formality': 'informal', 'other_traits': 'uses pauses for clarity, engages in hands-on discussions'}, 'personalized_vocabulary': {'filler_words': ['Ähm', 'Also', 'Ehrlich gesagt'], 'catchphrases': ['Das ist einfach zu lösen.', 'Technisch gesehen...'], 'speech_patterns': [""starts sentences with 'Also' or 'Nun'"", 'poses direct questions to clarify'], 'emotional_expressions': ['Lachen', 'Super!']}, 'social_roles': ['Recorder', 'Gatekeeper'], 'social_roles_descr': ['Documents the group decisions, ideas, and actions in order to have a reference for future discussions.', 'Ensures that all group members have the opportunity to express their opinions and encourages participation.']}, {'role': 'Philosoph', 'description': 'Ein Denker, der die ethischen und philosophischen Implikationen der Mechanisierung reflektiert.', 'expertise_area': 'Philosophie', 'perspective': 'Ethische Betrachtung', 'speaking_style': {'tone': 'reflective and contemplative, serious with occasional optimism', 'language_complexity': 'complex language with philosophical terminology, use of metaphors and abstract concepts', 'communication_style': 'collaborative and inquisitive, encourages deep thinking', 'sentence_structure': 'long and complex sentences with subordinate clauses, frequent use of rhetorical questions', 'formality': 'formal', 'other_traits': 'uses pauses for reflection, employs rhetorical devices'}, 'personalized_vocabulary': {'filler_words': ['Ähm', 'Also', 'Nun'], 'catchphrases': ['Philosophisch betrachtet...', 'Das wirft die Frage auf...'], 'speech_patterns': [""begins sentences with 'Interessanterweise' or 'In der Tat'"", 'poses reflective questions to engage others'], 'emotional_expressions': ['Lachen', 'Seufzen']}, 'social_roles': ['Opinion Seeker', 'Blocker'], 'social_roles_descr': ['Encourages others to share their opinions and beliefs in order to understand different perspectives.', ""Frequently opposes ideas and suggestions without offering constructive alternatives and delays the group's progress.""]}]","Das Treffen konzentrierte sich auf die Mechanisierung, definiert als Unterstützung der menschlichen Arbeitskraft durch Maschinen und technische Produktionsanlagen. Es wurde festgestellt, dass bei der Mechanisierung der Mensch weiterhin den gesamten Arbeitsprozess steuert, im Gegensatz zur Automatisierung, bei der die Technik den Prozess vollständig übernimmt. Die Mechanisierung wird als Zwischenstufe zur Maschinisierung betrachtet, bei der auch das Werkzeug von Maschinen geführt wird. Beispiele wie die Töpferscheibe und Schweißverfahren verdeutlichen diese Konzepte. Historische Entwicklungen wurden diskutiert, beginnend mit spätantiken Schöpfrädern bis hin zu Wassermühlen im Mittelalter und Windmühlen ab dem 11. Jahrhundert. Die Industrialisierung brachte bedeutende Fortschritte wie die Spinning Jenny und mechanisierte Waterframes hervor, was zu erheblichen Produktionssteigerungen führte. Der Mechanisierungsgrad wurde als wichtige Kosteneinflussgröße identifiziert, wobei verschiedene Stufen von reiner Handarbeit bis hin zu vollautomatischen Systemen beschrieben wurden. Abschließend wurde die Rolle der Mechanisierung in verschiedenen Bereichen wie Militär und Forstwirtschaft sowie ihre Auswirkungen auf soziale Tätigkeiten erörtert.","[""Scene 1: Opening and Greeting\nTLDR: Brief greeting among participants and setting the tone for the meeting.\n- Welcome everyone\n- Quick acknowledgment of familiarity\n- Outline meeting objectives"", ""Scene 2: Historical Perspective on Mechanisierung\nTLDR: Historiker provides an overview of the historical development of mechanization.\n- Discuss late antique scoop wheels\n- Mention medieval watermills and windmills\n- Highlight industrial advancements like Spinning Jenny"", ""Scene 3: Technical Aspects and Challenges\nTLDR: Ingenieur discusses technical aspects and challenges related to mechanization.\n- Explain differences between mechanization and automation\n- Share examples like potter's wheel and welding techniques\n- Discuss technical hurdles in implementation"", ""Scene 4: Economic Impact Analysis\nTLDR: Wirtschaftswissenschaftler examines economic impacts and benefits of mechanization.\n- Analyze cost influence factors of mechanization levels\n- Discuss production increases due to industrial advancements\n- Explore investment returns in mechanized systems"", ""Scene 5: Social Implications Discussion\nTLDR: Soziologe explores social changes brought by mechanization.\n- Reflect on social activities affected by mechanization\n- Share real-life examples from various sectors like military and forestry\n- Encourage open dialogue on societal shifts"", ""Scene 6: Practical Implementation Insights\nTLDR: Techniker shares practical experiences with implementing mechanical systems.\n- Provide hands-on insights into system maintenance\n- Discuss common issues faced during implementation\n- Offer solutions to technical problems"", ""Scene 7: Ethical Considerations Reflection\nTLDR: Philosoph reflects on ethical implications of mechanization.\n- Contemplate philosophical questions raised by mechanization trends\n- Use metaphors to illustrate abstract concepts\n- Encourage deep thinking about future impacts"", ""Scene 8: Open Floor for Spontaneous Contributions \nTLDR: Allow participants to share spontaneous thoughts or raise unplanned topics. \n - Invite personal experiences related to discussed points \n - Encourage natural topic evolution \n - Facilitate brief off-topic moments"", ""Scene 9: Resolution of Interdepartmental Issues \n TLDR : Address any cross-departmental issues that have arisen. \n - Identify key interdepartmental conflicts \\ n - Collaborate on finding resolutions \\ n - Align shared project objectives"", ""Scene 10 : Closing Remarks \\ n TLDR : Summarize key takeaways and conclude the meeting .\\ n - Recap aligned objectives \\ n - Highlight resolved issues \\ n - Thank participants for their contributions""]",">>Historiker: Guten Morgen zusammen! Es ist schön, euch alle hier zu sehen. Ich denke, wir sollten uns heute die historischen Entwicklungen der Mechanisierung anschauen und darüber sprechen, wie sie unsere Gesellschaft beeinflusst haben. Wenn wir die Mechanisierung betrachten, sehen wir nicht nur eine Steigerung der Produktivität, sondern auch eine fundamentale Veränderung in der Art und Weise, wie Arbeit organisiert wird. Die Spinning Jenny war ein Wendepunkt in der Geschichte der Technik. Aber sie hat auch gezeigt, dass technologische Fortschritte immer mit sozialen und ökonomischen Herausforderungen verbunden sind. Interessanterweise begann die historische Entwicklung mit spätantiken Schöpfrädern und setzte sich fort mit der Entwicklung von Wassermühlen im Mittelalter und Windmühlen ab dem 11. Jahrhundert. Diese Technologien legten den Grundstein für spätere Innovationen wie die mechanisierten Waterframes der Industrialisierung.

>>Ingenieur: Genau! Sie hat die Effizienz enorm gesteigert und den Weg für weitere Innovationen geebnet. Aber was denkt ihr, wie haben sich diese mechanischen Fortschritte auf die Arbeitsbedingungen ausgewirkt? Und wenn wir über Mechanisierung sprechen, müssen wir den Unterschied zur Automatisierung klarstellen. Bei der Mechanisierung bleibt der Mensch im Prozess involviert und steuert die Maschinen, während bei der Automatisierung die Technik den gesamten Prozess übernimmt. Ein gutes Beispiel ist die Töpferscheibe – sie erleichtert die Arbeit, aber der Mensch führt immer noch das Werkzeug. Schweißverfahren sind ein weiteres Beispiel für Mechanisierung, bei dem der Mensch eine aktive Rolle spielt.

>>Wirtschaftswissenschaftler: Das ist spannend. Während neue Arbeitsplätze entstehen, verändert sich auch die Struktur des Arbeitsmarktes. Wir müssen sicherstellen, dass diese Veränderungen langfristig positive Auswirkungen haben. Der Mechanisierungsgrad wird dabei als wichtige Kosteneinflussgröße identifiziert, da er die Produktionskosten erheblich beeinflussen kann. Langfristig können wir durch mechanisierte Systeme erhebliche Einsparungen erzielen, besonders wenn man Skaleneffekte berücksichtigt. Das ist eine Investition in die Zukunft, aber wie sehen das die anderen?

>>Soziologe: Absolut! Es ist faszinierend zu beobachten, wie tiefgreifend die sozialen Veränderungen durch Mechanisierung sind. Die Einführung solcher Technologien beeinflusst nicht nur Arbeitsplätze, sondern auch Gemeinschaften. Besonders im Militär und der Forstwirtschaft sehen wir das deutlich. Weißt du, wie sich das auf die Familien und lokalen Gemeinschaften auswirkt?

>>Philosoph: Interessant ist dabei die Frage nach dem Wert menschlicher Arbeit im Kontext zunehmender Automatisierung. Wie können wir sicherstellen, dass der Mensch nicht nur als Überwacher degradiert wird? Vielleicht sollten wir auch über ethische Aspekte sprechen – wie Technologie unsere Gesellschaft formt und welchen Einfluss sie auf unsere Werte hat.

>>Techniker: Da stimme ich zu. Es gibt keine einfache Lösung dafür. Wir sollten überlegen, wie technische Innovationen genutzt werden können, um bessere Arbeitsbedingungen zu schaffen und gleichzeitig Herausforderungen anzugehen. Und wenn wir über praktische Lösungen sprechen – welche technischen Innovationen könnten uns helfen, diese Herausforderungen besser zu meistern? Bei der praktischen Umsetzung von mechanisierten Systemen stoßen wir oft auf Probleme wie Verschleiß und regelmäßige Wartung. Mit den richtigen Werkzeugen und Techniken können wir das aber gut in den Griff bekommen.

>>Moderator: Willkommen, alle zusammen. Heute wollen wir die Auswirkungen der Mechanisierung auf verschiedene Bereiche diskutieren und mögliche Schritte für die Zukunft erarbeiten. Zusammengefasst sollten wir sowohl technische als auch soziale Aspekte berücksichtigen bei zukünftigen Entscheidungen zur Mechanisierung. Als nächstes könnten wir konkrete Maßnahmen entwickeln."
